year,gtco2
2000,5.757330139
2001,5.788782784
2002,5.927863204
2003,6.061801968
2004,6.338642644
2005,6.473184126
2006,6.619485384
2007,6.82715492
2008,6.835590435
2009,6.702085503
2010,6.987265405
2011,7.091786215
2012,7.162347348
2013,7.358231685
2014,7.481625205
2015,7.699035601
2016,7.85123826
2017,7.985531305
2018,8.03432696
2020,8.096102647
2025,7.931631026
2030,7.325545654